{
    "final_loss": 0.15326157212257385,
    "final_val_loss": 0.1646735668182373,
    "final_auc": 0.7879660725593567,
    "final_val_auc": 0.7593784332275391,
    "best_val_auc": 0.7690576910972595,
    "best_epoch": 27
}